url,Contact_Link,HTTP_Response_Code,Server_Response_Time
http://www.wizters.com,n/a,200,0.367693
http://www.k7.com,n/a,200,1.397234
http://www.impossiblevisions.com,n/a,200,0.512015
http://www.3dprinter-ntp.umi.ru,n/a,301,0.440433
http://www.1camo.com,https://1camo.com/contact-us/,301,1.297171
http://www.cochran.com,https://www.cochran.com/contact-us/,301,1.413800
http://www.charapp.com,//www.hugedomains.com/contact.cfm,302,0.672560
http://www.esmoke.tk,n/a,203,1.127570
http://www.1securityservices.com,http://1securityservices.com/contact-us/,301,0.978736
http://www.1seed.co.uk,n/a,200,1.037465
http://www.5mag.co,n/a,200,0.272108
http://www.aberdeencloud.com,http://aberdeencloud.com/contact-us/,301,1.481811
http://www.digibuzz.de,n/a,301,1.845763
http://www.ensightz.com,n/a,200,0.328686
http://www.livfame.com,n/a,301,0.985653
http://www.latinageeks.com,n/a,403,0.191601
http://www.getlinks.co,n/a,302,1.033039
http://www.moozen.com,/contact,301,0.936016
http://www.nwplyng.com,//www.hugedomains.com/contact.cfm,302,0.234639
http://www.pozr.in,n/a,301,0.572920
http://www.trending.ml,n/a,n/a,n/a
http://www.dollarseohosting.com,n/a,200,0.133896
http://www.killthecup.com,n/a,302,0.154044
http://www.40unlocksmyride.com,http://40unlocksmyride.com/contact,301,1.370241
http://www.andbeyond.com,/contact-us,200,0.094933
http://www.andpizza.com,n/a,301,0.073403
http://www.enjoyandtv.com,n/a,200,1.436770
http://www.andyet.com,n/a,301,0.471385
http://www.twopix.net,n/a,200,0.321008
http://www.ats4solutions.com,/contact-us/,301,0.585267
http://www.apicloud.com,n/a,200,1.208981
http://www.evermedresearch.org,n/a,200,0.606629
http://www.imobius.com.au,n/a,301,0.516025
http://www.intouchnetwork.com,n/a,302,0.151746
http://www.inc3.com,n/a,200,0.391148
http://www.interviewfire.gm9.com,n/a,n/a,n/a
http://www.isc2cares.org,https://iamcybersafe.org/contact-us/,301,0.631845
http://www.sapientmphasize.com,/en-us/sapientmphasize/contact-us.html,301,0.754420
http://www.malinandgoetz.com,/contact-us,200,0.552309
http://www.reactionmg.com,n/a,200,0.566259
http://www.oneofthem.jp,n/a,200,0.213679
http://www.arific.com,http://www.arific.com/contact-us/,200,1.352605
http://www.bliep.nl,n/a,301,1.323894
http://www.faircompanies.com,https://faircompanies.com/contact/,301,0.163916
http://www.scape.com.sg,n/a,301,0.841104
http://www.406ventures.com,n/a,200,0.298795
http://www.nic.club,n/a,301,0.464439
http://www.commarketing.com,n/a,302,0.519209
http://www.klatzwatch.com,n/a,301,0.055753
http://www.domain.me,https://domain.me/contact-me/,301,1.518483
http://www.nemos.ch,n/a,301,0.784337
http://www.iaccelerator.org,n/a,n/a,n/a
http://www.dotnet.meetup.com,n/a,302,0.517650
http://www.netmf.com,http://msopentech.com/contact-us/,200,1.130417
http://www.orgsource.com,/about-us/contact-us,200,2.074204
http://www.outsetmedical.com,http://outsetmedical.com/contact/,301,0.889328
http://www.vantronix.com,/vantronix/contact/,200,0.392112
http://www.vistaeyes.com.au,https://www.vistaeyes.com.au/contactus/,301,0.367931
http://www.seibert-media.net,n/a,301,1.061692
http://www.atcna.net,http://www.allthecontent.com/contact/,301,0.332581
http://www.gptsociall.com,n/a,404,0.143671
http://www.n-spro.com,https://n-spro.com/about-nspro/contact-n-spro/,301,2.981646
http://www.printl.net/en,/contacts,301,0.163239
http://www.torweg.net,n/a,301,0.352228
http://www.at60inches.com,n/a,200,0.309974
http://www.bubbleideas.com,//www.hugedomains.com/contact.cfm,302,0.630463
http://www.atcourt.com,//www.hugedomains.com/contact.cfm,302,0.160518
http://www.futsal.com,http://futsal.com/contact/,301,1.140617
http://www.atglobal.com,n/a,200,0.189109
http://www.hand.com,/contact_hand,200,0.239731
http://www.ziggo.nl,/klantenservice/contact/,301,0.063121
http://www.athomeprep.com,http://www.contractor-licensing.com/contact-us.html,301,0.963451
http://www.sketchup.com,//help.sketchup.com/en/contact,200,0.857653
http://www.nl.leisure-group.eu,n/a,301,0.816149
http://www.atmire.com,http://www.atmire.com/contact,200,1.177014
http://www.atmobilize.com,n/a,301,0.509083
http://www.a-news.info,n/a,301,0.915331
http://www.once.com,n/a,n/a,n/a
http://www.atproperties.com,/contact-us,301,0.600353
http://www.radicalmedia.com,/contact,301,0.589411
http://www.atroad.com,n/a,301,0.618379
http://www.atstake.com,https://partnernet.symantec.com/portal/faces/contactus,302,0.564672
http://www.themoment.com,n/a,302,0.577758
http://www.attraveldeals.com,n/a,301,0.173681
http://www.a.vailable.com,//www.hugedomains.com/contact.cfm,302,0.961362
http://www.ventures.com,n/a,n/a,n/a
http://www.walmartlabs.com,/contact,200,0.436046
http://www.atwebco.com,n/a,200,1.688804
http://www.atworkhubs.co.uk,http://www.atworkhubs.co.uk/contact/,200,1.422372
http://www.212media.com,n/a,200,0.284843
http://www.acapitalvc.com,n/a,301,0.628568
http://www.alistgames.com,n/a,301,0.402726
http://www.alistdaily.com,n/a,403,0.151983
http://www.adultswim.com,http://www.adultswim.com/footer/contact/,200,0.840548
http://www.coffee.gabandgo.com,n/a,301,1.942290
http://www.learnedmedia.com,n/a,301,0.134881
http://www.metamarketer.com,n/a,301,0.794416
